plate,Training mAP BM,Validation mAP BM,PR BM
BR00113818,0.27672806564447633,0.2947347243992793,52.2
BR00113820,0.3021554474917121,0.29983883546987866,55.6
BR00116634bin1,0.2378412317147995,0.1843297779337964,53.3
